{
    "title" : {
        "fr" : "Rouge",
        "en" : "Red"
    },
    "author" : {
        "name" : "Margot Hincker",
        "email" : "margot.hincker@gmail.com"
    },
    "variables" : [
        {
            "type" : "color",
            "label" : {
                "fr" : "Couleur primaire",
                "en" : "Primary color"
            },
            "name" : "primary-color",
            "value": "#d8604c"
        },
        {
            "type" : "color",
            "label" : {
                "fr" : "Couleur secondaire 1",
                "en" : "Secondary color 1"
            },
            "name" : "secondary-color-1",
            "value": "#1989a0"
        },
        {
            "type" : "color",
            "label" : {
                "fr" : "Couleur secondaire 2",
                "en" : "Secondary color 2"
            },
            "name" : "secondary-color-2",
            "value": "#d78958"
        },
        {
            "type" : "color",
            "label" : {
                "fr" : "Couleur neutre sombre",
                "en" : "Neutral dark color"
            },
            "name" : "neutral-color",
            "value": "#444041"
        },
        {
            "type" : "color",
            "label" : {
                "fr" : "Couleur neutre douce",
                "en" : "Neutral soft color"
            },
            "name" : "neutral-soft-color",
            "value": "#a7a6a6"
        },
        {
            "type" : "color",
            "label" : {
                "fr" : "Couleur neutre claire",
                "en" : "Neutral light color"
            },
            "name" : "neutral-light-color",
            "value" : "#ffffff"
        },
        {
            "type" : "color",
            "label" : {
                "fr" : "Couleur du texte",
                "en" : "Text color"
            },
            "name" : "main-text-color",
            "value" : "var(--neutral-color)"
        },
        {
            "type" : "range(1-40)(px)",
            "label" : {
                "fr" : "Taille de la police",
                "en" : "Font size"
            },
            "name" : "main-text-fontsize",
            "value" : "17px"
        },
        {
            "type" : "font",
            "label" : {
                "fr" : "Police principale",
                "en" : "Main font"
            },
            "name" : "main-text-fontfamily",
            "value" : "'Nunito', sans-serif"
        },
        {
            "type" : "color",
            "label" : {
                "fr" : "Couleur de fond de page",
                "en" : "Background color"
            },
            "name" : "main-bg-color",
            "value" : "var(--neutral-light-color)"
        }
    ]
}
